dataset,matcher,res_type,precision,recall,f1-measure
benchmarks,average_core_pipleine,micro,0.9953325554259043,0.5599317316528817,0.7166862712149219
benchmarks,average_core_pipleine,macro,0.9097183050305311,0.5540253147878298,0.6886547117798324
